<?xml version="1.0"?>
<!DOCTYPE hibernate-mapping PUBLIC
        "-//Hibernate/Hibernate Mapping DTD 3.0//EN"
        "http://www.hibernate.org/dtd/hibernate-mapping-3.0.dtd">

<hibernate-mapping>
    <class name="com.example.Student" table="Students">
        <id name="id" type="java.lang.Long">
            <column name="id" />
            <generator class="identity" />
        </id>
        
        <property name="name" type="string">
            <column name="name" length="100" not-null="true" />
        </property>

        <property name="age" type="integer">
            <column name="age" not-null="true" />
        </property>

        <property name="major" type="string">
            <column name="major" length="100" not-null="true" />
        </property>
    </class>
</hibernate-mapping>
